ticker,precio,proyectado,variacion,senal
BTC,82401.796875,82202.125,-0.24231495255242272,MANTENER ⚪
ETH,2482.52001953125,2472.519,-0.4028558272971505,MANTENER ⚪
SOL,109.44999694824219,110.30137,0.777863671882352,MANTENER ⚪
BNB,739.0599975585938,738.4592,-0.08128826414003285,MANTENER ⚪
XRP,1.3871999979019165,1.4018456,1.0557653185698976,MANTENER ⚪
ADA,0.2367600053548813,0.23304781,-1.5679135385253478,VENTA 🔴
AVAX,10.164999961853027,10.507215,3.366597005753475,COMPRA 🟢
LINK,12.810999870300293,12.787477,-0.18361822595136104,MANTENER ⚪
DOT,1.2026000022888184,1.2059202,0.2760865729460535,MANTENER ⚪
NEAR,4.705999851226807,5.1171865,8.737499109603345,COMPRA 🟢
